,Epoch Training Loss,Epoch Training Min Loss,Epoch Training Max Loss,Epoch Validation Loss,Epoch Validation Min Loss,Epoch Validation Max Loss
0,0.07115067541599274,0.017013583332300186,0.018773339688777924,0.06593884527683258,0.06593884527683258,0.06593884527683258
1,0.06345634162425995,0.015179803594946861,0.01671426184475422,0.05904919281601906,0.05904919281601906,0.05904919281601906
