,Epoch Training Loss,Epoch Training Min Loss,Epoch Training Max Loss,Epoch Validation Loss,Epoch Validation Min Loss,Epoch Validation Max Loss
0,0.07015801966190338,0.016659043729305267,0.017904452979564667,0.06657016277313232,0.06657016277313232,0.06657016277313232
1,0.06173720583319664,0.01466608326882124,0.01576283574104309,0.05869516730308533,0.05869516730308533,0.05869516730308533
