,Epoch Training Loss,Epoch Training Min Loss,Epoch Training Max Loss,Epoch Validation Loss,Epoch Validation Min Loss,Epoch Validation Max Loss
0,0.07337997853755951,0.0179781224578619,0.018647093325853348,0.07273925840854645,0.07273925840854645,0.07273925840854645
1,0.06851812452077866,0.016758568584918976,0.01742549240589142,0.06819286942481995,0.06819286942481995,0.06819286942481995
