,Epoch Training Loss,Epoch Training Min Loss,Epoch Training Max Loss,Epoch Validation Loss,Epoch Validation Min Loss,Epoch Validation Max Loss
0,0.0597158782184124,0.054711286,0.06667988,0.05380374938249588,0.05337774,0.05398505
1,0.0496576763689518,0.046513867,0.053929523,0.04630955681204796,0.045853153,0.04650608
